﻿<DOCUMENT>
	<SECTION NAME="FROM"><![CDATA[datadummy]]></SECTION>
	<SECTION NAME="TO"><![CDATA[Particulieren.datadummy@dummy.nl]]></SECTION>
	<SECTION NAME="SUBJECT"><![CDATA[RE: Aanvraag lening op 1 naam dummy dummy (ipv op 2 namen)]]></SECTION>
	<SECTION NAME="BODY"><![CDATA[Beste collega,

Onderstaande info is doorgezet naar de werkvoorraad van het CCC en wordt binnen 6 werkdagen opgenomen in de behandeling van het dossier.


Met vriendelijke groet,

Dummy Jansen
Specialist Dummy Dummy Financieringen
Competence Center Dummy
Dummy en Private Banking

reuibank
lenen@reuibank.nl<mailto:lenen@reuibank.nl>


De Coöperatieve Centrale Raiffeisen-Boerenleenbank B.A., statutair gevestigd te Amsterdam, mede kantoorhoudende te Utrecht, Croeselaan 18, ingeschreven bij de Kamer van Koophandel onder nummer 30046259


Van: DummyParticulieren <dummy.hvb@reuibank.nl>
Verzonden: vrijdag 22 februari 2019 12:52
Aan: fm.nl.db.dummyboy.ccc <dummy@reuibank.nl>
Onderwerp: Dummy lening op 1 naam (ipv op 2 namen)

Beste collega,

Hierbij ter informatie wat gegevens inzake de aanvraag voor een lening.

Aanvraag is gedaan op naam van:

Dhr fdummy wit
Mevrouw O.E.T de dummy Wit

Alle documenten zijn aanwezig, echter de IKV van meneer niet.
Blijkt dat mevr. de Wit reeds contact heeft gehad met een collega dat de aanvraag alleen op haar naam moet komen te staan.
Er komt dus GEEN IKV meer van meneer.

Willen deze aanvraag herstellen?

Gegevens van klant zijn:

Dorpsstraat 14
3861 OP

Alvast bedankt.


Met vriendelijke groet,

Dummy dum Smeele
Adviseur Particulieren
Dummy Klantenservice

reuibank

Via naar mijn bank<https://www.reuibank.nl/particulieren/servicemenu/naaruwbank/?intcamp=pa-klant-worden-contact&inttype=button-naar.uw.bank&intsource> vindt u de contactgegevens van uw bank. Ontdek het gemak van online bankieren. Kijk op www.reuibank.nl/service<http://www.reuibank.nl/service> voor de mogelijkheden.

Veilig omgaan met e-mail.
Bankieren moet veilig zijn. De reuibank heeft hierin een belangrijke taak, maar daarbij hebben we ook uw hulp nodig. Ontvangt u een e-mail? Let dan op onderstaande punten.
• De reuibank vraagt u nooit om vanuit een e-mail direct in te loggen in Rabo Internetbankieren.
• De reuibank vraagt u nooit naar beveiligingscodes.
Beveiligingscodes zijn uw pincode, toegangscodes of de inlog- en signeercodes. Dit zijn codes die u met uw Random Reader of Rabo Scanner aanmaakt. Geef deze codes nooit door aan anderen.
Vertrouwt u een e-mail niet? Stuur deze dan door naar valse-email@reuibank.nl<mailto:valse-email@reuibank.nl> en verwijder de e-mail hierna direct.

Vertrouwelijkheid
De informatie in deze e-mail kan vertrouwelijk zijn en is uitsluitend bestemd voor de geadresseerde. Indien u deze e-mail onterecht ontvangt, wordt u verzocht de inhoud niet te gebruiken en de afzender direct te informeren door het bericht te retourneren.
]]></SECTION>
</DOCUMENT>