﻿<DOCUMENT>
	<SECTION NAME="FROM"><![CDATA[dummy@gmail.com]]></SECTION>
	<SECTION NAME="TO"><![CDATA[Particulieren.dummy@dumdumdum.nl]]></SECTION>
	<SECTION NAME="SUBJECT"><![CDATA[Re: BKR]]></SECTION>
	<SECTION NAME="BODY"><![CDATA[heeft u al een antwoord voor mij.
Het is erg belangrijk dat ik vandaag wat hoor.
Telefoon nr 06 12324444


mvg L Loef


Op di 18 feb. 2018 16:32 schreef <dummy.amsterdam@reuibank.nl<mailto:dummy.amsterdam@reuibank.nl>>:

Beste meneer Loef,

Er is navraag gedaan bij onze BKR desk over de A codering. Graag informeer ik u via deze weg. Er is sprake van een code A met code 2. Indien er sprake is van een dergelijke registratie is een Herstel niet meer mogelijk. Een H van  Herstel is alleen van toepassing indien de achterstand (code A) is ingelopen. Zodra de vordering opeisbaar wordt (code 2) is er alleen nog sprake van herstel door middel van een werkelijke einddatum. Daar is hier sprake van.

Het dossier werd overgedragen aan de deurwaarder. De BKR desk gaat geen H melden, maar zij zullen onderzoek doen naar de juistheid van de registratie.

Wij hopen u spoedig weer op de hoogte te brengen.

Met vriendelijke groet,

Nancy de Konik

Adviseur Particulieren
Rabo Klantenservice

reuibank

Via naar mijn bank<https://www.reuibank.nl/particulieren/servicemenu/naaruwbank/?intcamp=pa-klant-worden-contact&inttype=button-naar.uw.bank&intsource> vindt u de contactgegevens van uw bank. Ontdek het gemak van online bankieren. Kijk op www.reuibank.nl/service<http://www.reuibank.nl/service> voor de mogelijkheden.

Veilig omgaan met e-mail.
 Bankieren moet veilig zijn. De reuibank heeft hierin een belangrijke taak, maar daarbij hebben we ook uw hulp nodig. Ontvangt u een e-mail? Let dan op onderstaande punten.
• De reuibank vraagt u nooit om vanuit een e-mail direct in te loggen in Rabo Internetbankieren.
• De reuibank vraagt u nooit naar beveiligingscodes.
Beveiligingscodes zijn uw pincode, toegangscodes of de inlog- en signeercodes. Dit zijn codes die u met uw Random Reader of Rabo Scanner aanmaakt. Geef deze codes nooit door aan anderen.
Vertrouwt u een e-mail niet? Stuur deze dan door naar valse-email@reuibank.nl<mailto:valse-email@reuibank.nl> en verwijder de e-mail hierna direct.

Vertrouwelijkheid
De informatie in deze e-mail kan vertrouwelijk zijn en is uitsluitend bestemd voor de geadresseerde. Indien u deze e-mail onterecht ontvangt, wordt u verzocht de inhoud niet te gebruiken en de afzender direct te informeren door het bericht te retourneren.

======================================================
reuibank disclaimer: http://www.reuibank.nl/disclaimer
]]></SECTION>
</DOCUMENT>